{"0.1": [[-0.5351220074092112, 1.0273146838425133, 1.0273146838425136, 0.013866659186992147, 0.15617025909726837], 5.2917721092], "0.30000000000000004": [[-0.7537419522077498, 0.8086489099089582, 0.8086489099089582, 0.013287977089939146, 0.16081851920392964], 1.7639240364], "0.5000000000000001": [[-0.9477078769864249, 0.5830796254889771, 0.5830796254889772, 0.01251643158428517, 0.16887022768973542], 1.0583544218399998], "0.7000000000000001": [[-1.0439125217729273, 0.42045567978280296, 0.4204556797828033, 0.011507402176827053, 0.1790005760614065], 0.7559674441714286], "0.9000000000000001": [[-1.070283269081254, 0.30978727952798824, 0.30978727952798824, 0.009969108317174291, 0.19057169375926478], 0.5879746788], "1.1000000000000003": [[-1.0628124875471767, 0.23139587714519105, 0.2313958771451911, 0.007995175062925602, 0.20322222662064948], 0.4810701917454544], "1.3000000000000003": [[-1.039916588508203, 0.17310785296184214, 0.17310785296184217, 0.005962285638925202, 0.2164174596237473], 0.4070593930153845], "1.5000000000000004": [[-1.0096446943601913, 0.12910131288711094, 0.12910131288711096, 0.004188958260028214, 0.22953593605970188], 0.3527848072799999], "1.7000000000000004": [[-0.976737236494246, 0.09584458668966873, 0.09584458668966875, 0.0028080706164098634, 0.2420728385191094], 0.31128071230588233], "1.9000000000000004": [[-0.9441646082319911, 0.07074578851629636, 0.07074578851629634, 0.0018090188344656866, 0.2537104278126142], 0.2785143215368421], "2.1000000000000005": [[-0.9135674704711642, 0.05186006635691474, 0.05186006635691463, 0.0011208035110542858, 0.26429356607956234], 0.25198914805714284], "2.3000000000000007": [[-0.8856879934249794, 0.03770400766748448, 0.03770400766748448, 0.0006656391789749694, 0.2737820541416617], 0.2300770482260869], "2.5000000000000004": [[-0.8607225051811072, 0.027134699425897687, 0.027134699425897642, 0.00037741994137663326, 0.28221004597538635], 0.21167088436799997], "2.7000000000000006": [[-0.8385666489833709, 0.019284714780166037, 0.019284714780166013, 0.00020375832111449443, 0.28965649669094107], 0.19599155959999995], "2.900000000000001": [[-0.8189727542434614, 0.013505766624814883, 0.013505766624814876, 0.00010464557680957276, 0.2962235508352164], 0.18247490031724134], "3.1000000000000005": [[-0.8016425675790343, 0.00930834165443143, 0.009308341654431368, 5.114889448554205e-05, 0.30202062152820824], 0.17070232610322578], "3.3000000000000007": [[-0.7862770780585395, 0.00631145282471713, 0.006311452824717088, 2.3819472907457562e-05, 0.3071534757976937], 0.16035673058181818], "3.500000000000001": [[-0.7726007790850881, 0.004211700124877656, 0.004211700124877607, 1.0580379211880264e-05, 0.31171790573807034], 0.15119348883428568], "3.7000000000000006": [[-0.7603715105118288, 0.0027678087437420368, 0.0027678087437420368, 4.486523398489206e-06, 0.3157970946768559], 0.1430208678162162], "3.900000000000001": [[-0.7493823031216039, 0.0017921457322947545, 0.0017921457322947337, 1.816959932315898e-06, 0.3194614543730319], 0.13568646433846152]}